,AREA,DAY,CANCEL,C_REASON,REG_DATE,PRICE,LEVEL,DEAL,DEAL_ADDR,MONTH,YEAR,DATE,TYPE
0,128.81,31,,,,94500.0,7,-,-,12,2017,2017-12-31,SALE
1,59.99,30,,,,62700.0,2,-,-,12,2017,2017-12-30,SALE
2,128.81,30,,,,92500.0,4,-,-,12,2017,2017-12-30,SALE
3,128.81,29,,,,99500.0,6,-,-,12,2017,2017-12-29,SALE
4,59.99,28,,,,67000.0,14,-,-,12,2017,2017-12-28,SALE
5,128.81,28,,,,92500.0,9,-,-,12,2017,2017-12-28,SALE
6,59.99,27,,,,63700.0,8,-,-,12,2017,2017-12-27,SALE
7,84.99,27,,,,81000.0,10,-,-,12,2017,2017-12-27,SALE
8,128.81,27,,,,102000.0,7,-,-,12,2017,2017-12-27,SALE
9,59.99,23,,,,64500.0,15,-,-,12,2017,2017-12-23,SALE
10,84.99,23,,,,77300.0,20,-,-,12,2017,2017-12-23,SALE
11,128.81,23,,,,97000.0,10,-,-,12,2017,2017-12-23,SALE
12,59.99,22,,,,63300.0,9,-,-,12,2017,2017-12-22,SALE
13,119.63,22,,,,97500.0,5,-,-,12,2017,2017-12-22,SALE
14,59.99,21,,,,64000.0,4,-,-,12,2017,2017-12-21,SALE
15,128.81,16,,,,87000.0,3,-,-,12,2017,2017-12-16,SALE
16,128.81,16,,,,90000.0,10,-,-,12,2017,2017-12-16,SALE
17,128.81,16,,,,90000.0,12,-,-,12,2017,2017-12-16,SALE
18,128.81,15,,,,89500.0,2,-,-,12,2017,2017-12-15,SALE
19,128.81,14,,,,90000.0,8,-,-,12,2017,2017-12-14,SALE
20,128.81,14,,,,90000.0,9,-,-,12,2017,2017-12-14,SALE
21,128.81,13,,,,96000.0,7,-,-,12,2017,2017-12-13,SALE
22,84.99,12,,,,80000.0,17,-,-,12,2017,2017-12-12,SALE
23,59.99,9,,,,64000.0,6,-,-,12,2017,2017-12-09,SALE
24,84.99,9,,,,79000.0,11,-,-,12,2017,2017-12-09,SALE
25,128.81,9,,,,90000.0,5,-,-,12,2017,2017-12-09,SALE
26,128.81,9,,,,97000.0,13,-,-,12,2017,2017-12-09,SALE
27,84.99,27,,,,78000.0,2,-,-,11,2017,2017-11-27,SALE
28,84.99,27,,,,80000.0,11,-,-,11,2017,2017-11-27,SALE
29,59.99,24,,,,70000.0,12,-,-,11,2017,2017-11-24,SALE
30,84.99,24,,,,76500.0,3,-,-,11,2017,2017-11-24,SALE
31,128.81,18,,,,90000.0,8,-,-,11,2017,2017-11-18,SALE
32,84.99,14,,,,81500.0,14,-,-,11,2017,2017-11-14,SALE
33,59.99,11,,,,68000.0,9,-,-,11,2017,2017-11-11,SALE
34,84.99,11,,,,82000.0,11,-,-,11,2017,2017-11-11,SALE
35,59.99,8,,,,63000.0,7,-,-,11,2017,2017-11-08,SALE
36,59.99,4,,,,63000.0,9,-,-,11,2017,2017-11-04,SALE
37,59.99,3,,,,63000.0,7,-,-,11,2017,2017-11-03,SALE
38,84.99,1,,,,78500.0,11,-,-,11,2017,2017-11-01,SALE
39,84.99,31,,,,82000.0,7,-,-,10,2017,2017-10-31,SALE
40,128.81,30,,,,97000.0,5,-,-,10,2017,2017-10-30,SALE
41,84.99,28,,,,77500.0,11,-,-,10,2017,2017-10-28,SALE
42,84.99,28,,,,78000.0,16,-,-,10,2017,2017-10-28,SALE
43,59.99,27,,,,64700.0,6,-,-,10,2017,2017-10-27,SALE
44,59.99,26,,,,63000.0,4,-,-,10,2017,2017-10-26,SALE
45,84.99,25,,,,75000.0,1,-,-,10,2017,2017-10-25,SALE
46,128.81,25,,,,89800.0,8,-,-,10,2017,2017-10-25,SALE
47,128.81,24,,,,97000.0,11,-,-,10,2017,2017-10-24,SALE
48,59.99,21,,,,65000.0,13,-,-,10,2017,2017-10-21,SALE
49,84.99,18,,,,76000.0,13,-,-,10,2017,2017-10-18,SALE
50,59.99,16,,,,65500.0,8,-,-,10,2017,2017-10-16,SALE
51,59.99,16,,,,65000.0,9,-,-,10,2017,2017-10-16,SALE
52,84.99,16,,,,78500.0,15,-,-,10,2017,2017-10-16,SALE
53,59.99,14,,,,63000.0,6,-,-,10,2017,2017-10-14,SALE
54,84.99,14,,,,75000.0,3,-,-,10,2017,2017-10-14,SALE
55,128.81,13,,,,92000.0,5,-,-,10,2017,2017-10-13,SALE
56,59.99,10,,,,63400.0,12,-,-,10,2017,2017-10-10,SALE
57,59.99,9,,,,64800.0,8,-,-,10,2017,2017-10-09,SALE
58,59.99,9,,,,64500.0,9,-,-,10,2017,2017-10-09,SALE
59,128.81,23,,,,95700.0,12,-,-,9,2017,2017-09-23,SALE
60,84.99,20,,,,75000.0,17,-,-,9,2017,2017-09-20,SALE
61,152.1,20,,,,103500.0,2,-,-,9,2017,2017-09-20,SALE
62,84.99,15,,,,80750.0,17,-,-,9,2017,2017-09-15,SALE
63,84.99,12,,,,80800.0,10,-,-,9,2017,2017-09-12,SALE
64,128.81,9,,,,98000.0,12,-,-,9,2017,2017-09-09,SALE
65,128.81,8,,,,95500.0,13,-,-,9,2017,2017-09-08,SALE
66,128.81,8,,,,96000.0,16,-,-,9,2017,2017-09-08,SALE
67,128.81,3,,,,90000.0,9,-,-,9,2017,2017-09-03,SALE
68,152.1,1,,,,108500.0,7,-,-,9,2017,2017-09-01,SALE
69,128.81,26,,,,89000.0,9,-,-,8,2017,2017-08-26,SALE
70,84.99,24,,,,81000.0,11,-,-,8,2017,2017-08-24,SALE
71,84.99,19,,,,75000.0,3,-,-,8,2017,2017-08-19,SALE
72,152.1,18,,,,112000.0,13,-,-,8,2017,2017-08-18,SALE
73,84.99,17,,,,77000.0,7,-,-,8,2017,2017-08-17,SALE
74,152.1,14,,,,109000.0,6,-,-,8,2017,2017-08-14,SALE
75,59.99,12,,,,62200.0,2,-,-,8,2017,2017-08-12,SALE
76,128.81,10,,,,93000.0,15,-,-,8,2017,2017-08-10,SALE
77,128.81,31,,,,90000.0,4,-,-,7,2017,2017-07-31,SALE
78,128.81,31,,,,94500.0,19,-,-,7,2017,2017-07-31,SALE
79,128.81,30,,,,90000.0,4,-,-,7,2017,2017-07-30,SALE
80,128.81,30,,,,85000.0,9,-,-,7,2017,2017-07-30,SALE
81,59.99,29,,,,63500.0,10,-,-,7,2017,2017-07-29,SALE
82,84.99,29,,,,82000.0,16,-,-,7,2017,2017-07-29,SALE
83,84.99,29,,,,79800.0,18,-,-,7,2017,2017-07-29,SALE
84,128.81,27,,,,94000.0,11,-,-,7,2017,2017-07-27,SALE
85,84.99,26,,,,80000.0,10,-,-,7,2017,2017-07-26,SALE
86,84.99,23,,,,80200.0,12,-,-,7,2017,2017-07-23,SALE
87,59.99,22,,,,62000.0,3,-,-,7,2017,2017-07-22,SALE
88,84.99,22,,,,74500.0,3,-,-,7,2017,2017-07-22,SALE
89,128.81,22,,,,92000.0,2,-,-,7,2017,2017-07-22,SALE
90,128.81,22,,,,90000.0,12,-,-,7,2017,2017-07-22,SALE
91,59.99,21,,,,60000.0,3,-,-,7,2017,2017-07-21,SALE
92,84.99,20,,,,75500.0,4,-,-,7,2017,2017-07-20,SALE
93,152.1,20,,,,100000.0,14,-,-,7,2017,2017-07-20,SALE
94,128.81,16,,,,89500.0,8,-,-,7,2017,2017-07-16,SALE
95,84.99,15,,,,75000.0,5,-,-,7,2017,2017-07-15,SALE
96,84.99,15,,,,75000.0,6,-,-,7,2017,2017-07-15,SALE
97,84.99,10,,,,69000.0,1,-,-,7,2017,2017-07-10,SALE
98,84.99,10,,,,75900.0,10,-,-,7,2017,2017-07-10,SALE
99,84.99,9,,,,75000.0,3,-,-,7,2017,2017-07-09,SALE
100,84.99,8,,,,77500.0,19,-,-,7,2017,2017-07-08,SALE
101,59.99,7,,,,64000.0,11,-,-,7,2017,2017-07-07,SALE
102,84.99,5,,,,76000.0,6,-,-,7,2017,2017-07-05,SALE
103,84.99,5,,,,76750.0,20,-,-,7,2017,2017-07-05,SALE
104,128.81,5,,,,89300.0,5,-,-,7,2017,2017-07-05,SALE
105,84.99,3,,,,74500.0,7,-,-,7,2017,2017-07-03,SALE
106,128.81,2,,,,93000.0,6,-,-,7,2017,2017-07-02,SALE
107,84.99,1,,,,72200.0,2,-,-,7,2017,2017-07-01,SALE
108,59.99,30,,,,59000.0,15,-,-,6,2017,2017-06-30,SALE
109,84.99,30,,,,77500.0,9,-,-,6,2017,2017-06-30,SALE
110,128.81,29,,,,89000.0,7,-,-,6,2017,2017-06-29,SALE
111,59.99,28,,,,64500.0,8,-,-,6,2017,2017-06-28,SALE
112,84.99,26,,,,79000.0,10,-,-,6,2017,2017-06-26,SALE
113,128.81,24,,,,93000.0,6,-,-,6,2017,2017-06-24,SALE
114,59.99,23,,,,64000.0,13,-,-,6,2017,2017-06-23,SALE
115,152.1,20,,,,93000.0,9,-,-,6,2017,2017-06-20,SALE
116,84.99,16,,,,78500.0,11,-,-,6,2017,2017-06-16,SALE
117,128.81,13,,,,97000.0,14,-,-,6,2017,2017-06-13,SALE
118,59.99,10,,,,60000.0,3,-,-,6,2017,2017-06-10,SALE
119,128.81,9,,,,86500.0,4,-,-,6,2017,2017-06-09,SALE
120,84.99,8,,,,73500.0,2,-,-,6,2017,2017-06-08,SALE
121,59.99,7,,,,63500.0,7,-,-,6,2017,2017-06-07,SALE
122,59.99,6,,,,58000.0,2,-,-,6,2017,2017-06-06,SALE
123,59.99,5,,,,62700.0,16,-,-,6,2017,2017-06-05,SALE
124,84.99,3,,,,76000.0,16,-,-,6,2017,2017-06-03,SALE
125,128.81,3,,,,85800.0,4,-,-,6,2017,2017-06-03,SALE
126,128.81,2,,,,90000.0,13,-,-,6,2017,2017-06-02,SALE
127,59.99,1,,,,59000.0,9,-,-,6,2017,2017-06-01,SALE
128,152.1,1,,,,98500.0,7,-,-,6,2017,2017-06-01,SALE
129,84.99,31,,,,74000.0,8,-,-,5,2017,2017-05-31,SALE
130,84.99,31,,,,75500.0,9,-,-,5,2017,2017-05-31,SALE
131,59.99,29,,,,63000.0,15,-,-,5,2017,2017-05-29,SALE
132,84.99,27,,,,74000.0,4,-,-,5,2017,2017-05-27,SALE
133,84.99,27,,,,72000.0,7,-,-,5,2017,2017-05-27,SALE
134,128.81,27,,,,84800.0,3,-,-,5,2017,2017-05-27,SALE
135,59.99,25,,,,60000.0,17,-,-,5,2017,2017-05-25,SALE
136,59.99,24,,,,63000.0,14,-,-,5,2017,2017-05-24,SALE
137,84.99,24,,,,70000.0,16,-,-,5,2017,2017-05-24,SALE
138,84.99,22,,,,78500.0,18,-,-,5,2017,2017-05-22,SALE
139,84.99,17,,,,76000.0,11,-,-,5,2017,2017-05-17,SALE
140,59.99,16,,,,59700.0,14,-,-,5,2017,2017-05-16,SALE
141,59.99,15,,,,59700.0,13,-,-,5,2017,2017-05-15,SALE
142,128.81,15,,,,93300.0,7,-,-,5,2017,2017-05-15,SALE
143,59.99,13,,,,63200.0,12,-,-,5,2017,2017-05-13,SALE
144,59.99,12,,,,60000.0,7,-,-,5,2017,2017-05-12,SALE
145,84.99,12,,,,75800.0,9,-,-,5,2017,2017-05-12,SALE
146,119.63,2,,,,89700.0,17,-,-,5,2017,2017-05-02,SALE
147,84.99,29,,,,75000.0,4,-,-,4,2017,2017-04-29,SALE
148,84.99,29,,,,73700.0,6,-,-,4,2017,2017-04-29,SALE
149,84.99,24,,,,70850.0,18,-,-,4,2017,2017-04-24,SALE
150,128.81,24,,,,81500.0,2,-,-,4,2017,2017-04-24,SALE
151,128.81,24,,,,95000.0,17,-,-,4,2017,2017-04-24,SALE
152,84.99,15,,,,76000.0,15,-,-,4,2017,2017-04-15,SALE
153,59.99,14,,,,59000.0,11,-,-,4,2017,2017-04-14,SALE
154,84.99,8,,,,69000.0,3,-,-,4,2017,2017-04-08,SALE
155,84.99,3,,,,74200.0,9,-,-,4,2017,2017-04-03,SALE
156,59.99,2,,,,62000.0,15,-,-,4,2017,2017-04-02,SALE
157,84.99,1,,,,74000.0,4,-,-,4,2017,2017-04-01,SALE
158,128.81,1,,,,96000.0,15,-,-,4,2017,2017-04-01,SALE
159,84.99,29,,,,76100.0,9,-,-,3,2017,2017-03-29,SALE
160,84.99,25,,,,69800.0,10,-,-,3,2017,2017-03-25,SALE
161,84.99,25,,,,74500.0,14,-,-,3,2017,2017-03-25,SALE
162,59.99,24,,,,59000.0,9,-,-,3,2017,2017-03-24,SALE
163,59.99,23,,,,63000.0,10,-,-,3,2017,2017-03-23,SALE
164,84.99,22,,,,73100.0,3,-,-,3,2017,2017-03-22,SALE
165,59.99,20,,,,58900.0,7,-,-,3,2017,2017-03-20,SALE
166,119.63,4,,,,94500.0,17,-,-,3,2017,2017-03-04,SALE
167,84.99,2,,,,74500.0,9,-,-,3,2017,2017-03-02,SALE
168,128.81,2,,,,89000.0,15,-,-,3,2017,2017-03-02,SALE
169,59.99,24,,,,58500.0,4,-,-,2,2017,2017-02-24,SALE
170,152.1,14,,,,104000.0,17,-,-,2,2017,2017-02-14,SALE
171,84.99,6,,,,73400.0,19,-,-,2,2017,2017-02-06,SALE
172,59.99,4,,,,58000.0,7,-,-,2,2017,2017-02-04,SALE
173,84.99,26,,,,75000.0,10,-,-,1,2017,2017-01-26,SALE
174,84.99,25,,,,74400.0,11,-,-,1,2017,2017-01-25,SALE
175,59.99,18,,,,59000.0,7,-,-,1,2017,2017-01-18,SALE
176,84.99,13,,,,70000.0,6,-,-,1,2017,2017-01-13,SALE
177,84.99,3,,,,74500.0,13,-,-,1,2017,2017-01-03,SALE
178,84.99,2,,,,69000.0,6,-,-,1,2017,2017-01-02,SALE
179,152.1,2,,,,96000.0,14,-,-,1,2017,2017-01-02,SALE
0,59.99,31,,,,90000.0,18,-,-,12,2019,2019-12-31,SALE
1,59.99,30,,,,89500.0,14,-,-,12,2019,2019-12-30,SALE
2,152.1,30,,,,121000.0,4,-,-,12,2019,2019-12-30,SALE
3,59.99,28,,,,84600.0,3,-,-,12,2019,2019-12-28,SALE
4,128.81,25,,,,130000.0,9,-,-,12,2019,2019-12-25,SALE
5,59.99,23,,,,84000.0,13,-,-,12,2019,2019-12-23,SALE
6,84.99,16,,,,104500.0,17,-,-,12,2019,2019-12-16,SALE
7,84.99,15,,,,102500.0,3,-,-,12,2019,2019-12-15,SALE
8,59.99,14,,,,81700.0,5,-,-,12,2019,2019-12-14,SALE
9,84.99,14,,,,110000.0,12,-,-,12,2019,2019-12-14,SALE
10,152.1,11,,,,145000.0,13,-,-,12,2019,2019-12-11,SALE
11,84.99,9,,,,105000.0,6,-,-,12,2019,2019-12-09,SALE
12,128.81,9,,,,127000.0,8,-,-,12,2019,2019-12-09,SALE
13,84.99,6,,,,102000.0,10,-,-,12,2019,2019-12-06,SALE
14,84.99,6,,,,104000.0,12,-,-,12,2019,2019-12-06,SALE
15,128.81,5,,,,120000.0,8,-,-,12,2019,2019-12-05,SALE
16,84.99,4,,,,104000.0,18,-,-,12,2019,2019-12-04,SALE
17,84.99,3,,,,99000.0,2,-,-,12,2019,2019-12-03,SALE
18,84.99,3,,,,104500.0,16,-,-,12,2019,2019-12-03,SALE
19,84.99,3,,,,105000.0,17,-,-,12,2019,2019-12-03,SALE
20,59.99,2,,,,80800.0,3,-,-,12,2019,2019-12-02,SALE
21,84.99,30,,,,98000.0,13,-,-,11,2019,2019-11-30,SALE
22,84.99,30,,,,105000.0,14,-,-,11,2019,2019-11-30,SALE
23,128.81,30,,,,127000.0,18,-,-,11,2019,2019-11-30,SALE
24,59.99,29,,,,82000.0,4,-,-,11,2019,2019-11-29,SALE
25,59.99,28,,,,77000.0,8,-,-,11,2019,2019-11-28,SALE
26,59.99,27,,,,79000.0,4,-,-,11,2019,2019-11-27,SALE
27,59.99,27,,,,83000.0,10,-,-,11,2019,2019-11-27,SALE
28,84.99,27,,,,104500.0,19,-,-,11,2019,2019-11-27,SALE
29,128.81,27,,,,125000.0,17,-,-,11,2019,2019-11-27,SALE
30,84.99,20,,,,104000.0,9,-,-,11,2019,2019-11-20,SALE
31,59.99,18,,,,83000.0,5,-,-,11,2019,2019-11-18,SALE
32,84.99,16,,,,95000.0,3,-,-,11,2019,2019-11-16,SALE
33,84.99,14,,,,104900.0,19,-,-,11,2019,2019-11-14,SALE
34,59.99,12,,,,82000.0,17,-,-,11,2019,2019-11-12,SALE
35,59.99,9,,,,81500.0,3,-,-,11,2019,2019-11-09,SALE
36,59.99,8,,,,83000.0,12,-,-,11,2019,2019-11-08,SALE
37,84.99,6,,,,90000.0,3,-,-,11,2019,2019-11-06,SALE
38,84.99,5,,,,100000.0,18,-,-,11,2019,2019-11-05,SALE
39,128.81,4,,,,122500.0,15,-,-,11,2019,2019-11-04,SALE
40,84.99,25,,,,105000.0,16,-,-,10,2019,2019-10-25,SALE
41,128.81,24,,,,118000.0,15,-,-,10,2019,2019-10-24,SALE
42,128.81,22,,,,120000.0,18,-,-,10,2019,2019-10-22,SALE
43,84.99,21,,,,98000.0,4,-,-,10,2019,2019-10-21,SALE
44,128.81,18,,,,115400.0,13,-,-,10,2019,2019-10-18,SALE
45,152.1,18,,,,133000.0,10,-,-,10,2019,2019-10-18,SALE
46,59.99,15,,,,79800.0,2,-,-,10,2019,2019-10-15,SALE
47,84.99,14,,,,102500.0,10,-,-,10,2019,2019-10-14,SALE
48,128.81,8,,,,119000.0,3,-,-,10,2019,2019-10-08,SALE
49,59.99,7,,,,79500.0,2,-,-,10,2019,2019-10-07,SALE
50,59.99,4,,,,81800.0,7,-,-,10,2019,2019-10-04,SALE
51,59.99,3,,,,80000.0,4,-,-,10,2019,2019-10-03,SALE
52,59.99,3,,,,81000.0,14,-,-,10,2019,2019-10-03,SALE
53,84.99,2,,,,96000.0,6,-,-,10,2019,2019-10-02,SALE
54,119.63,1,,,,120000.0,10,-,-,10,2019,2019-10-01,SALE
55,59.99,21,,,,81000.0,8,-,-,9,2019,2019-09-21,SALE
56,59.99,18,,,,81000.0,16,-,-,9,2019,2019-09-18,SALE
57,128.81,17,,,,114700.0,10,-,-,9,2019,2019-09-17,SALE
58,59.99,10,,,,80000.0,10,-,-,9,2019,2019-09-10,SALE
59,59.99,10,,,,80000.0,13,-,-,9,2019,2019-09-10,SALE
60,84.99,10,,,,96000.0,12,-,-,9,2019,2019-09-10,SALE
61,128.81,9,,,,109500.0,18,-,-,9,2019,2019-09-09,SALE
62,59.99,6,,,,79500.0,8,-,-,9,2019,2019-09-06,SALE
63,128.81,4,,,,115000.0,5,-,-,9,2019,2019-09-04,SALE
64,84.99,29,,,,100000.0,10,-,-,8,2019,2019-08-29,SALE
65,59.99,28,,,,80500.0,15,-,-,8,2019,2019-08-28,SALE
66,59.99,24,,,,76500.0,5,-,-,8,2019,2019-08-24,SALE
67,59.99,24,,,,80000.0,13,-,-,8,2019,2019-08-24,SALE
68,128.81,24,,,,117000.0,9,-,-,8,2019,2019-08-24,SALE
69,84.99,20,,,,99500.0,9,-,-,8,2019,2019-08-20,SALE
70,59.99,17,,,,79500.0,3,-,-,8,2019,2019-08-17,SALE
71,59.99,10,,,,73000.0,4,-,-,8,2019,2019-08-10,SALE
72,128.81,9,,,,108500.0,14,-,-,8,2019,2019-08-09,SALE
73,152.1,29,,,,117000.0,6,-,-,7,2019,2019-07-29,SALE
74,84.99,27,,,,97000.0,14,-,-,7,2019,2019-07-27,SALE
75,59.99,25,,,,76000.0,7,-,-,7,2019,2019-07-25,SALE
76,84.99,25,,,,93000.0,3,-,-,7,2019,2019-07-25,SALE
77,128.81,25,,,,117000.0,6,-,-,7,2019,2019-07-25,SALE
78,59.99,24,,,,78900.0,13,-,-,7,2019,2019-07-24,SALE
79,128.81,24,,,,117000.0,11,-,-,7,2019,2019-07-24,SALE
80,59.99,23,,,,75500.0,18,-,-,7,2019,2019-07-23,SALE
81,128.81,23,,,,120000.0,17,-,-,7,2019,2019-07-23,SALE
82,84.99,20,,,,90000.0,8,-,-,7,2019,2019-07-20,SALE
83,119.63,11,,,,114500.0,11,-,-,7,2019,2019-07-11,SALE
84,59.99,10,,,,77000.0,11,-,-,7,2019,2019-07-10,SALE
85,84.99,9,,,,96900.0,7,-,-,7,2019,2019-07-09,SALE
86,84.99,9,,,,96500.0,11,-,-,7,2019,2019-07-09,SALE
87,59.99,5,,,,75000.0,5,-,-,7,2019,2019-07-05,SALE
88,59.99,5,,,,75000.0,7,-,-,7,2019,2019-07-05,SALE
89,59.99,5,,,,76000.0,9,-,-,7,2019,2019-07-05,SALE
90,128.81,5,,,,104300.0,4,-,-,7,2019,2019-07-05,SALE
91,59.99,2,,,,74300.0,3,-,-,7,2019,2019-07-02,SALE
92,128.81,1,,,,111800.0,10,-,-,7,2019,2019-07-01,SALE
93,128.81,1,,,,114500.0,12,-,-,7,2019,2019-07-01,SALE
94,59.99,29,,,,74000.0,15,-,-,6,2019,2019-06-29,SALE
95,59.99,26,,,,74500.0,9,-,-,6,2019,2019-06-26,SALE
96,59.99,24,,,,74000.0,11,-,-,6,2019,2019-06-24,SALE
97,128.81,24,,,,108000.0,14,-,-,6,2019,2019-06-24,SALE
98,59.99,20,,,,75250.0,7,-,-,6,2019,2019-06-20,SALE
99,84.99,16,,,,98000.0,13,-,-,6,2019,2019-06-16,SALE
100,128.81,12,,,,107500.0,9,-,-,6,2019,2019-06-12,SALE
101,128.81,10,,,,108000.0,16,-,-,6,2019,2019-06-10,SALE
102,59.99,9,,,,72000.0,7,-,-,6,2019,2019-06-09,SALE
103,59.99,8,,,,73500.0,6,-,-,6,2019,2019-06-08,SALE
104,84.99,8,,,,88000.0,20,-,-,6,2019,2019-06-08,SALE
105,84.99,6,,,,95000.0,11,-,-,6,2019,2019-06-06,SALE
106,128.81,31,,,,109000.0,7,-,-,5,2019,2019-05-31,SALE
107,119.63,28,,,,115000.0,12,-,-,5,2019,2019-05-28,SALE
108,128.81,21,,,,108000.0,12,-,-,5,2019,2019-05-21,SALE
109,59.99,20,,,,73000.0,5,-,-,5,2019,2019-05-20,SALE
110,59.99,10,,,,80500.0,15,-,-,5,2019,2019-05-10,SALE
111,152.1,17,,,,119500.0,13,-,-,4,2019,2019-04-17,SALE
112,152.1,4,,,,115000.0,4,-,-,4,2019,2019-04-04,SALE
113,59.99,12,,,,76000.0,15,-,-,3,2019,2019-03-12,SALE
114,128.81,12,,,,107500.0,18,-,-,1,2019,2019-01-12,SALE
0,152.1,30,,,,89500.0,13,-,-,12,2015,2015-12-30,SALE
1,152.1,10,,,,86277.0,3,-,-,12,2015,2015-12-10,SALE
2,84.99,5,,,,64200.0,10,-,-,12,2015,2015-12-05,SALE
3,59.99,2,,,,52000.0,17,-,-,12,2015,2015-12-02,SALE
4,152.1,25,,,,86189.0,4,-,-,11,2015,2015-11-25,SALE
5,152.1,23,,,,86189.0,4,-,-,11,2015,2015-11-23,SALE
6,128.81,21,,,,78000.0,4,-,-,11,2015,2015-11-21,SALE
7,152.1,20,,,,90198.0,19,-,-,11,2015,2015-11-20,SALE
8,59.99,19,,,,48000.0,2,-,-,11,2015,2015-11-19,SALE
9,59.99,19,,,,51800.0,14,-,-,11,2015,2015-11-19,SALE
10,84.99,19,,,,64700.0,11,-,-,11,2015,2015-11-19,SALE
11,84.99,17,,,,60000.0,2,-,-,11,2015,2015-11-17,SALE
12,152.1,14,,,,85941.0,9,-,-,11,2015,2015-11-14,SALE
13,59.99,11,,,,52500.0,8,-,-,11,2015,2015-11-11,SALE
14,59.99,6,,,,50900.0,6,-,-,11,2015,2015-11-06,SALE
15,59.99,5,,,,54500.0,12,-,-,11,2015,2015-11-05,SALE
16,128.81,5,,,,78000.0,16,-,-,11,2015,2015-11-05,SALE
17,84.99,2,,,,64800.0,10,-,-,11,2015,2015-11-02,SALE
18,84.99,30,,,,60000.0,3,-,-,10,2015,2015-10-30,SALE
19,84.99,30,,,,59500.0,13,-,-,10,2015,2015-10-30,SALE
20,152.1,30,,,,88416.0,8,-,-,10,2015,2015-10-30,SALE
21,59.99,26,,,,51000.0,6,-,-,10,2015,2015-10-26,SALE
22,128.81,26,,,,84900.0,8,-,-,10,2015,2015-10-26,SALE
23,84.99,23,,,,65300.0,10,-,-,10,2015,2015-10-23,SALE
24,119.63,16,,,,79500.0,15,-,-,10,2015,2015-10-16,SALE
25,128.81,15,,,,79000.0,13,-,-,10,2015,2015-10-15,SALE
26,84.99,6,,,,65000.0,15,-,-,10,2015,2015-10-06,SALE
27,59.99,5,,,,47500.0,2,-,-,10,2015,2015-10-05,SALE
28,59.99,3,,,,52000.0,14,-,-,10,2015,2015-10-03,SALE
29,84.99,30,,,,65500.0,8,-,-,9,2015,2015-09-30,SALE
30,128.81,25,,,,79007.0,4,-,-,9,2015,2015-09-25,SALE
31,84.99,24,,,,64600.0,4,-,-,9,2015,2015-09-24,SALE
32,152.1,24,,,,85941.0,5,-,-,9,2015,2015-09-24,SALE
33,128.81,21,,,,74836.0,3,-,-,9,2015,2015-09-21,SALE
34,128.81,21,,,,76154.0,6,-,-,9,2015,2015-09-21,SALE
35,152.1,21,,,,85941.0,5,-,-,9,2015,2015-09-21,SALE
36,84.99,20,,,,62800.0,4,-,-,9,2015,2015-09-20,SALE
37,128.81,20,,,,75611.0,4,-,-,9,2015,2015-09-20,SALE
38,128.81,19,,,,77312.0,14,-,-,9,2015,2015-09-19,SALE
39,128.81,18,,,,79539.0,12,-,-,9,2015,2015-09-18,SALE
40,152.1,18,,,,84174.0,3,-,-,9,2015,2015-09-18,SALE
41,84.99,17,,,,64500.0,8,-,-,9,2015,2015-09-17,SALE
42,128.81,16,,,,76375.0,4,-,-,9,2015,2015-09-16,SALE
43,128.81,16,,,,77312.0,11,-,-,9,2015,2015-09-16,SALE
44,152.1,16,,,,85941.0,6,-,-,9,2015,2015-09-16,SALE
45,152.1,16,,,,86919.0,10,-,-,9,2015,2015-09-16,SALE
46,128.81,15,,,,74066.0,2,-,-,9,2015,2015-09-15,SALE
47,128.81,14,,,,74066.0,2,-,-,9,2015,2015-09-14,SALE
48,152.1,14,,,,84428.0,2,-,-,9,2015,2015-09-14,SALE
49,152.1,14,,,,85941.0,5,-,-,9,2015,2015-09-14,SALE
50,128.81,12,,,,75611.0,4,-,-,9,2015,2015-09-12,SALE
51,128.81,12,,,,78794.0,19,-,-,9,2015,2015-09-12,SALE
52,128.81,10,,,,76154.0,8,-,-,9,2015,2015-09-10,SALE
53,152.1,10,,,,87168.0,4,-,-,9,2015,2015-09-10,SALE
54,152.1,10,,,,86919.0,6,-,-,9,2015,2015-09-10,SALE
55,84.99,9,,,,64700.0,7,-,-,9,2015,2015-09-09,SALE
56,152.1,8,,,,88240.0,13,-,-,9,2015,2015-09-08,SALE
57,59.99,7,,,,48500.0,6,-,-,9,2015,2015-09-07,SALE
58,84.99,7,,,,63200.0,16,-,-,9,2015,2015-09-07,SALE
59,128.81,6,,,,75611.0,4,-,-,9,2015,2015-09-06,SALE
60,128.81,6,,,,76154.0,5,-,-,9,2015,2015-09-06,SALE
61,128.81,5,,,,74066.0,2,-,-,9,2015,2015-09-05,SALE
62,84.99,22,,,,63000.0,18,-,-,8,2015,2015-08-22,SALE
63,84.99,14,,,,61600.0,7,-,-,7,2015,2015-07-14,SALE
64,59.99,3,,,,52350.0,5,-,-,7,2015,2015-07-03,SALE
65,128.81,15,,,,78363.0,5,-,-,5,2015,2015-05-15,SALE
66,59.99,12,,,,47500.0,7,-,-,3,2015,2015-03-12,SALE
0,84.99,7,,,,145000.0,12,중개거래,"서울 강서구
서울 송파구",12,2021,2021-12-07,SALE
1,84.99,1,,,,139000.0,10,중개거래,서울 강서구,12,2021,2021-12-01,SALE
2,59.99,13,,,,122000.0,6,중개거래,서울 강서구,11,2021,2021-11-13,SALE
3,59.99,12,O,22.02.26,,123000.0,6,-,-,10,2021,2021-10-12,SALE
4,59.99,6,O,22.07.28,,121500.0,15,-,-,10,2021,2021-10-06,SALE
5,128.81,4,,,,168500.0,4,-,-,10,2021,2021-10-04,SALE
6,84.99,3,,,,144000.0,10,-,-,10,2021,2021-10-03,SALE
7,84.99,28,O,22.01.20,,144800.0,14,-,-,9,2021,2021-09-28,SALE
8,84.99,28,,,,144800.0,14,-,-,9,2021,2021-09-28,SALE
9,59.99,28,,,,124500.0,16,-,-,8,2021,2021-08-28,SALE
10,152.1,28,,,,175000.0,4,-,-,8,2021,2021-08-28,SALE
11,84.99,27,,,,144500.0,11,-,-,8,2021,2021-08-27,SALE
12,84.99,26,,,,142000.0,9,-,-,8,2021,2021-08-26,SALE
13,128.81,25,,,,169000.0,13,-,-,8,2021,2021-08-25,SALE
14,152.1,23,,,,170000.0,4,-,-,8,2021,2021-08-23,SALE
15,59.99,20,,,,120500.0,5,-,-,8,2021,2021-08-20,SALE
16,128.81,20,,,,165000.0,11,-,-,8,2021,2021-08-20,SALE
17,119.63,17,,,,169000.0,6,-,-,8,2021,2021-08-17,SALE
18,84.99,16,,,,142500.0,17,-,-,8,2021,2021-08-16,SALE
19,128.81,16,,,,169500.0,10,-,-,8,2021,2021-08-16,SALE
20,84.99,14,,,,142500.0,12,-,-,8,2021,2021-08-14,SALE
21,128.81,14,,,,168000.0,15,-,-,8,2021,2021-08-14,SALE
22,59.99,5,,,,110000.0,16,-,-,8,2021,2021-08-05,SALE
23,84.99,5,,,,142500.0,5,-,-,8,2021,2021-08-05,SALE
24,84.99,31,,,,140500.0,16,-,-,7,2021,2021-07-31,SALE
25,119.63,31,,,,165200.0,18,-,-,7,2021,2021-07-31,SALE
26,128.81,24,,,,157500.0,16,-,-,7,2021,2021-07-24,SALE
27,84.99,14,,,,138000.0,18,-,-,7,2021,2021-07-14,SALE
28,152.1,1,,,,162000.0,5,-,-,7,2021,2021-07-01,SALE
29,59.99,7,O,21.06.28,,124500.0,15,-,-,6,2021,2021-06-07,SALE
30,59.99,7,,,,124500.0,15,-,-,6,2021,2021-06-07,SALE
31,128.81,31,,,,160000.0,6,-,-,5,2021,2021-05-31,SALE
32,84.99,29,,,,139200.0,7,-,-,5,2021,2021-05-29,SALE
33,84.99,25,,,,131000.0,6,-,-,5,2021,2021-05-25,SALE
34,128.81,25,,,,150000.0,7,-,-,5,2021,2021-05-25,SALE
35,128.81,25,,,,160500.0,15,-,-,5,2021,2021-05-25,SALE
36,84.99,21,,,,142000.0,12,-,-,5,2021,2021-05-21,SALE
37,128.81,21,,,,161000.0,8,-,-,5,2021,2021-05-21,SALE
38,59.99,18,,,,112000.0,10,-,-,5,2021,2021-05-18,SALE
39,59.99,15,,,,116000.0,16,-,-,5,2021,2021-05-15,SALE
40,128.81,27,,,,157000.0,10,-,-,4,2021,2021-04-27,SALE
41,59.99,13,,,,109000.0,3,-,-,4,2021,2021-04-13,SALE
42,59.99,12,,,,109000.0,4,-,-,4,2021,2021-04-12,SALE
43,152.1,9,,,,166000.0,15,-,-,4,2021,2021-04-09,SALE
44,119.63,17,,,,160000.0,8,-,-,3,2021,2021-03-17,SALE
45,59.99,1,,,,111500.0,3,-,-,3,2021,2021-03-01,SALE
46,84.99,17,,,,136000.0,17,-,-,2,2021,2021-02-17,SALE
47,84.99,17,O,21.05.17,,137500.0,17,-,-,2,2021,2021-02-17,SALE
48,59.99,9,,,,106000.0,1,-,-,2,2021,2021-02-09,SALE
49,128.81,24,,,,153000.0,15,-,-,1,2021,2021-01-24,SALE
50,84.99,23,,,,134000.0,14,-,-,1,2021,2021-01-23,SALE
51,128.81,23,,,,159900.0,6,-,-,1,2021,2021-01-23,SALE
52,59.99,22,,,,110500.0,6,-,-,1,2021,2021-01-22,SALE
53,128.81,14,,,,153000.0,12,-,-,1,2021,2021-01-14,SALE
0,128.81,10,,,,120000.0,16,-,-,12,2018,2018-12-10,SALE
1,128.81,26,,,,110000.0,8,-,-,11,2018,2018-11-26,SALE
2,84.99,19,,,,105500.0,14,-,-,11,2018,2018-11-19,SALE
3,152.1,31,,,,134500.0,17,-,-,10,2018,2018-10-31,SALE
4,84.99,27,,,,100000.0,16,-,-,10,2018,2018-10-27,SALE
5,128.81,18,,,,104000.0,1,-,-,9,2018,2018-09-18,SALE
6,59.99,16,,,,77000.0,1,-,-,9,2018,2018-09-16,SALE
7,84.99,12,,,,106000.0,20,-,-,9,2018,2018-09-12,SALE
8,84.99,12,,,,106500.0,20,-,-,9,2018,2018-09-12,SALE
9,84.99,8,,,,103000.0,11,-,-,9,2018,2018-09-08,SALE
10,84.99,5,,,,100000.0,3,-,-,9,2018,2018-09-05,SALE
11,59.99,4,,,,85000.0,14,-,-,9,2018,2018-09-04,SALE
12,128.81,3,,,,119000.0,16,-,-,9,2018,2018-09-03,SALE
13,84.99,31,,,,98000.0,19,-,-,8,2018,2018-08-31,SALE
14,84.99,29,,,,90000.0,1,-,-,8,2018,2018-08-29,SALE
15,128.81,29,,,,107000.0,1,-,-,8,2018,2018-08-29,SALE
16,84.99,28,,,,90000.0,2,-,-,8,2018,2018-08-28,SALE
17,59.99,27,,,,83000.0,6,-,-,8,2018,2018-08-27,SALE
18,152.1,27,,,,125000.0,9,-,-,8,2018,2018-08-27,SALE
19,59.99,25,,,,75000.0,3,-,-,8,2018,2018-08-25,SALE
20,128.81,25,,,,110000.0,15,-,-,8,2018,2018-08-25,SALE
21,128.81,25,,,,110000.0,15,-,-,8,2018,2018-08-25,SALE
22,128.81,23,,,,110000.0,15,-,-,8,2018,2018-08-23,SALE
23,84.99,21,,,,90000.0,7,-,-,8,2018,2018-08-21,SALE
24,128.81,20,,,,104800.0,3,-,-,8,2018,2018-08-20,SALE
25,59.99,18,,,,78000.0,17,-,-,8,2018,2018-08-18,SALE
26,59.99,17,,,,78000.0,6,-,-,8,2018,2018-08-17,SALE
27,84.99,17,,,,86000.0,11,-,-,8,2018,2018-08-17,SALE
28,128.81,17,,,,109500.0,18,-,-,8,2018,2018-08-17,SALE
29,84.99,16,,,,88000.0,2,-,-,8,2018,2018-08-16,SALE
30,84.99,16,,,,92000.0,9,-,-,8,2018,2018-08-16,SALE
31,128.81,15,,,,102000.0,10,-,-,8,2018,2018-08-15,SALE
32,59.99,14,,,,71000.0,2,-,-,8,2018,2018-08-14,SALE
33,84.99,14,,,,93000.0,13,-,-,8,2018,2018-08-14,SALE
34,119.63,14,,,,105000.0,3,-,-,8,2018,2018-08-14,SALE
35,59.99,11,,,,74000.0,2,-,-,8,2018,2018-08-11,SALE
36,128.81,11,,,,102500.0,3,-,-,8,2018,2018-08-11,SALE
37,59.99,10,,,,75000.0,11,-,-,8,2018,2018-08-10,SALE
38,84.99,10,,,,87000.0,13,-,-,8,2018,2018-08-10,SALE
39,128.81,10,,,,110500.0,17,-,-,8,2018,2018-08-10,SALE
40,59.99,9,,,,74500.0,8,-,-,8,2018,2018-08-09,SALE
41,59.99,8,,,,73000.0,13,-,-,8,2018,2018-08-08,SALE
42,128.81,8,,,,106000.0,8,-,-,8,2018,2018-08-08,SALE
43,84.99,31,,,,89900.0,14,-,-,7,2018,2018-07-31,SALE
44,59.99,30,,,,74000.0,11,-,-,7,2018,2018-07-30,SALE
45,128.81,30,,,,104000.0,5,-,-,7,2018,2018-07-30,SALE
46,59.99,26,,,,70500.0,6,-,-,7,2018,2018-07-26,SALE
47,84.99,26,,,,89400.0,9,-,-,7,2018,2018-07-26,SALE
48,59.99,25,,,,67000.0,1,-,-,7,2018,2018-07-25,SALE
49,128.81,25,,,,105000.0,7,-,-,7,2018,2018-07-25,SALE
50,128.81,24,,,,96000.0,2,-,-,7,2018,2018-07-24,SALE
51,59.99,21,,,,71800.0,15,-,-,7,2018,2018-07-21,SALE
52,59.99,20,,,,72500.0,14,-,-,7,2018,2018-07-20,SALE
53,84.99,20,,,,90000.0,7,-,-,7,2018,2018-07-20,SALE
54,128.81,18,,,,102000.0,9,-,-,7,2018,2018-07-18,SALE
55,119.63,17,,,,95000.0,2,-,-,7,2018,2018-07-17,SALE
56,119.63,17,,,,108500.0,16,-,-,7,2018,2018-07-17,SALE
57,128.81,17,,,,104000.0,15,-,-,7,2018,2018-07-17,SALE
58,84.99,7,,,,84800.0,2,-,-,7,2018,2018-07-07,SALE
59,59.99,27,,,,72300.0,14,-,-,6,2018,2018-06-27,SALE
60,152.1,25,,,,105000.0,3,-,-,6,2018,2018-06-25,SALE
61,59.99,18,,,,71500.0,5,-,-,6,2018,2018-06-18,SALE
62,128.81,16,,,,97600.0,4,-,-,6,2018,2018-06-16,SALE
63,59.99,1,,,,70300.0,2,-,-,6,2018,2018-06-01,SALE
64,59.99,25,,,,71900.0,7,-,-,5,2018,2018-05-25,SALE
65,59.99,23,,,,67500.0,1,-,-,5,2018,2018-05-23,SALE
66,128.81,23,,,,99500.0,7,-,-,5,2018,2018-05-23,SALE
67,152.1,23,,,,120000.0,15,-,-,5,2018,2018-05-23,SALE
68,84.99,9,,,,87500.0,11,-,-,5,2018,2018-05-09,SALE
69,59.99,8,,,,72000.0,4,-,-,5,2018,2018-05-08,SALE
70,84.99,8,,,,84500.0,2,-,-,5,2018,2018-05-08,SALE
71,128.81,3,,,,105000.0,14,-,-,5,2018,2018-05-03,SALE
72,128.81,18,,,,103800.0,9,-,-,4,2018,2018-04-18,SALE
73,59.99,13,,,,71500.0,10,-,-,4,2018,2018-04-13,SALE
74,59.99,13,,,,71000.0,13,-,-,4,2018,2018-04-13,SALE
75,59.99,12,,,,71000.0,12,-,-,4,2018,2018-04-12,SALE
76,84.99,12,,,,88000.0,12,-,-,4,2018,2018-04-12,SALE
77,59.99,10,,,,72000.0,6,-,-,4,2018,2018-04-10,SALE
78,84.99,10,,,,78000.0,1,-,-,4,2018,2018-04-10,SALE
79,128.81,4,,,,102000.0,17,-,-,4,2018,2018-04-04,SALE
80,152.1,30,,,,113000.0,16,-,-,3,2018,2018-03-30,SALE
81,59.99,16,,,,69500.0,7,-,-,3,2018,2018-03-16,SALE
82,84.99,14,,,,78000.0,2,-,-,3,2018,2018-03-14,SALE
83,128.81,13,,,,94000.0,5,-,-,3,2018,2018-03-13,SALE
84,128.81,10,,,,105000.0,4,-,-,3,2018,2018-03-10,SALE
85,128.81,10,,,,100000.0,6,-,-,3,2018,2018-03-10,SALE
86,128.81,10,,,,105000.0,9,-,-,3,2018,2018-03-10,SALE
87,84.99,5,,,,79500.0,4,-,-,3,2018,2018-03-05,SALE
88,84.99,5,,,,85000.0,13,-,-,3,2018,2018-03-05,SALE
89,128.81,5,,,,96700.0,17,-,-,3,2018,2018-03-05,SALE
90,84.99,2,,,,84900.0,20,-,-,3,2018,2018-03-02,SALE
91,128.81,1,,,,103000.0,8,-,-,3,2018,2018-03-01,SALE
92,152.1,1,,,,113000.0,10,-,-,3,2018,2018-03-01,SALE
93,128.81,28,,,,105000.0,18,-,-,2,2018,2018-02-28,SALE
94,84.99,26,,,,85500.0,8,-,-,2,2018,2018-02-26,SALE
95,84.99,26,,,,75000.0,14,-,-,2,2018,2018-02-26,SALE
96,84.99,26,,,,79800.0,20,-,-,2,2018,2018-02-26,SALE
97,128.81,26,,,,103000.0,5,-,-,2,2018,2018-02-26,SALE
98,128.81,24,,,,90000.0,2,-,-,2,2018,2018-02-24,SALE
99,84.99,19,,,,76500.0,2,-,-,2,2018,2018-02-19,SALE
100,84.99,19,,,,85000.0,11,-,-,2,2018,2018-02-19,SALE
101,59.99,14,,,,70000.0,7,-,-,2,2018,2018-02-14,SALE
102,59.99,14,,,,64800.0,8,-,-,2,2018,2018-02-14,SALE
103,59.99,13,,,,64000.0,5,-,-,2,2018,2018-02-13,SALE
104,128.81,13,,,,95000.0,6,-,-,2,2018,2018-02-13,SALE
105,128.81,13,,,,96000.0,18,-,-,2,2018,2018-02-13,SALE
106,59.99,10,,,,58000.0,1,-,-,2,2018,2018-02-10,SALE
107,84.99,10,,,,82000.0,8,-,-,2,2018,2018-02-10,SALE
108,59.99,9,,,,70300.0,5,-,-,2,2018,2018-02-09,SALE
109,84.99,9,,,,85000.0,13,-,-,2,2018,2018-02-09,SALE
110,84.99,8,,,,80500.0,3,-,-,2,2018,2018-02-08,SALE
111,59.99,7,,,,71000.0,13,-,-,2,2018,2018-02-07,SALE
112,84.99,6,,,,85000.0,12,-,-,2,2018,2018-02-06,SALE
113,128.81,6,,,,94500.0,7,-,-,2,2018,2018-02-06,SALE
114,152.1,6,,,,110000.0,19,-,-,2,2018,2018-02-06,SALE
115,128.81,5,,,,105000.0,10,-,-,2,2018,2018-02-05,SALE
116,59.99,2,,,,67300.0,11,-,-,2,2018,2018-02-02,SALE
117,128.81,2,,,,106000.0,9,-,-,2,2018,2018-02-02,SALE
118,84.99,1,,,,83000.0,20,-,-,2,2018,2018-02-01,SALE
119,59.99,31,,,,67000.0,4,-,-,1,2018,2018-01-31,SALE
120,128.81,31,,,,90000.0,5,-,-,1,2018,2018-01-31,SALE
121,128.81,31,,,,97000.0,8,-,-,1,2018,2018-01-31,SALE
122,128.81,31,,,,99000.0,10,-,-,1,2018,2018-01-31,SALE
123,128.81,31,,,,94800.0,15,-,-,1,2018,2018-01-31,SALE
124,128.81,30,,,,101000.0,10,-,-,1,2018,2018-01-30,SALE
125,84.99,29,,,,81000.0,16,-,-,1,2018,2018-01-29,SALE
126,59.99,27,,,,66000.0,5,-,-,1,2018,2018-01-27,SALE
127,84.99,27,,,,76000.0,2,-,-,1,2018,2018-01-27,SALE
128,84.99,27,,,,84000.0,12,-,-,1,2018,2018-01-27,SALE
129,84.99,27,,,,81000.0,13,-,-,1,2018,2018-01-27,SALE
130,59.99,26,,,,63500.0,4,-,-,1,2018,2018-01-26,SALE
131,59.99,25,,,,69800.0,15,-,-,1,2018,2018-01-25,SALE
132,59.99,23,,,,66500.0,20,-,-,1,2018,2018-01-23,SALE
133,84.99,23,,,,80000.0,20,-,-,1,2018,2018-01-23,SALE
134,84.99,20,,,,77500.0,2,-,-,1,2018,2018-01-20,SALE
135,84.99,20,,,,82800.0,14,-,-,1,2018,2018-01-20,SALE
136,128.81,19,,,,99500.0,12,-,-,1,2018,2018-01-19,SALE
137,128.81,19,,,,98000.0,16,-,-,1,2018,2018-01-19,SALE
138,128.81,19,,,,93000.0,20,-,-,1,2018,2018-01-19,SALE
139,59.99,18,,,,64500.0,15,-,-,1,2018,2018-01-18,SALE
140,128.81,18,,,,93000.0,18,-,-,1,2018,2018-01-18,SALE
141,59.99,17,,,,64900.0,3,-,-,1,2018,2018-01-17,SALE
142,84.99,17,,,,84700.0,19,-,-,1,2018,2018-01-17,SALE
143,128.81,16,,,,100000.0,3,-,-,1,2018,2018-01-16,SALE
144,128.81,15,,,,98000.0,3,-,-,1,2018,2018-01-15,SALE
145,152.1,15,,,,100000.0,4,-,-,1,2018,2018-01-15,SALE
146,128.81,13,,,,98000.0,11,-,-,1,2018,2018-01-13,SALE
147,84.99,9,,,,77500.0,20,-,-,1,2018,2018-01-09,SALE
148,84.99,8,,,,85000.0,8,-,-,1,2018,2018-01-08,SALE
149,84.99,8,,,,80000.0,16,-,-,1,2018,2018-01-08,SALE
150,59.99,5,,,,66500.0,8,-,-,1,2018,2018-01-05,SALE
151,128.81,2,,,,99000.0,14,-,-,1,2018,2018-01-02,SALE
0,59.99,30,,,,58500.0,12,-,-,12,2016,2016-12-30,SALE
1,84.99,29,,,,73000.0,6,-,-,12,2016,2016-12-29,SALE
2,84.99,13,,,,70000.0,5,-,-,12,2016,2016-12-13,SALE
3,59.99,10,,,,59500.0,11,-,-,12,2016,2016-12-10,SALE
4,84.99,4,,,,70800.0,4,-,-,12,2016,2016-12-04,SALE
5,84.99,3,,,,74500.0,16,-,-,12,2016,2016-12-03,SALE
6,59.99,24,,,,57000.0,8,-,-,11,2016,2016-11-24,SALE
7,152.1,24,,,,89424.0,14,-,-,11,2016,2016-11-24,SALE
8,59.99,14,,,,59200.0,6,-,-,11,2016,2016-11-14,SALE
9,59.99,11,,,,49294.0,4,-,-,11,2016,2016-11-11,SALE
10,128.81,2,,,,91500.0,7,-,-,11,2016,2016-11-02,SALE
11,84.99,27,,,,74200.0,18,-,-,10,2016,2016-10-27,SALE
12,84.99,26,,,,69900.0,3,-,-,10,2016,2016-10-26,SALE
13,59.99,22,,,,57500.0,2,-,-,10,2016,2016-10-22,SALE
14,59.99,22,,,,57000.0,14,-,-,10,2016,2016-10-22,SALE
15,59.99,21,,,,59000.0,15,-,-,10,2016,2016-10-21,SALE
16,84.99,20,,,,72000.0,4,-,-,10,2016,2016-10-20,SALE
17,84.99,19,,,,73200.0,9,-,-,10,2016,2016-10-19,SALE
18,84.99,19,,,,72000.0,17,-,-,10,2016,2016-10-19,SALE
19,84.99,13,,,,64479.0,16,-,-,10,2016,2016-10-13,SALE
20,59.99,12,,,,59000.0,8,-,-,10,2016,2016-10-12,SALE
21,84.99,10,,,,71500.0,5,-,-,10,2016,2016-10-10,SALE
22,84.99,8,,,,67900.0,2,-,-,10,2016,2016-10-08,SALE
23,59.99,6,,,,60000.0,15,-,-,10,2016,2016-10-06,SALE
24,84.99,6,,,,65800.0,4,-,-,10,2016,2016-10-06,SALE
25,119.63,6,,,,86500.0,6,-,-,10,2016,2016-10-06,SALE
26,84.99,5,,,,67000.0,12,-,-,10,2016,2016-10-05,SALE
27,128.81,3,,,,95300.0,12,-,-,10,2016,2016-10-03,SALE
28,128.81,1,,,,88000.0,15,-,-,10,2016,2016-10-01,SALE
29,152.1,29,,,,100000.0,8,-,-,9,2016,2016-09-29,SALE
30,84.99,27,,,,72000.0,7,-,-,9,2016,2016-09-27,SALE
31,84.99,27,,,,71500.0,8,-,-,9,2016,2016-09-27,SALE
32,128.81,27,,,,83000.0,2,-,-,9,2016,2016-09-27,SALE
33,84.99,23,,,,65000.0,2,-,-,9,2016,2016-09-23,SALE
34,84.99,23,,,,72700.0,9,-,-,9,2016,2016-09-23,SALE
35,84.99,22,,,,69500.0,8,-,-,9,2016,2016-09-22,SALE
36,119.63,22,,,,88000.0,6,-,-,9,2016,2016-09-22,SALE
37,59.99,20,,,,59000.0,5,-,-,9,2016,2016-09-20,SALE
38,84.99,20,,,,71000.0,3,-,-,9,2016,2016-09-20,SALE
39,84.99,19,,,,68300.0,20,-,-,9,2016,2016-09-19,SALE
40,84.99,13,,,,67500.0,5,-,-,9,2016,2016-09-13,SALE
41,84.99,12,,,,69500.0,16,-,-,9,2016,2016-09-12,SALE
42,128.81,12,,,,91000.0,11,-,-,9,2016,2016-09-12,SALE
43,84.99,9,,,,63000.0,2,-,-,9,2016,2016-09-09,SALE
44,84.99,8,,,,70000.0,12,-,-,9,2016,2016-09-08,SALE
45,84.99,4,,,,70000.0,9,-,-,9,2016,2016-09-04,SALE
46,59.99,2,,,,58500.0,9,-,-,9,2016,2016-09-02,SALE
47,59.99,2,,,,58500.0,14,-,-,9,2016,2016-09-02,SALE
48,84.99,2,,,,63800.0,1,-,-,9,2016,2016-09-02,SALE
49,84.99,1,,,,64700.0,6,-,-,9,2016,2016-09-01,SALE
50,59.99,31,,,,59000.0,5,-,-,8,2016,2016-08-31,SALE
51,84.99,29,,,,72000.0,14,-,-,8,2016,2016-08-29,SALE
52,119.63,29,,,,82500.0,3,-,-,8,2016,2016-08-29,SALE
53,152.1,29,,,,98000.0,9,-,-,8,2016,2016-08-29,SALE
54,59.99,27,,,,57500.0,12,-,-,8,2016,2016-08-27,SALE
55,84.99,27,,,,64500.0,5,-,-,8,2016,2016-08-27,SALE
56,84.99,27,,,,70000.0,8,-,-,8,2016,2016-08-27,SALE
57,59.99,23,,,,54300.0,2,-,-,8,2016,2016-08-23,SALE
58,84.99,20,,,,71000.0,19,-,-,8,2016,2016-08-20,SALE
59,59.99,18,,,,58000.0,8,-,-,8,2016,2016-08-18,SALE
60,84.99,17,,,,64479.0,16,-,-,8,2016,2016-08-17,SALE
61,128.81,15,,,,87000.0,12,-,-,8,2016,2016-08-15,SALE
62,128.81,13,,,,85000.0,10,-,-,8,2016,2016-08-13,SALE
63,84.99,12,,,,67500.0,6,-,-,8,2016,2016-08-12,SALE
64,84.99,11,,,,68500.0,7,-,-,8,2016,2016-08-11,SALE
65,59.99,10,,,,53000.0,8,-,-,8,2016,2016-08-10,SALE
66,84.99,10,,,,70000.0,4,-,-,8,2016,2016-08-10,SALE
67,84.99,9,,,,68000.0,15,-,-,8,2016,2016-08-09,SALE
68,128.81,9,,,,83500.0,13,-,-,8,2016,2016-08-09,SALE
69,84.99,8,,,,68000.0,5,-,-,8,2016,2016-08-08,SALE
70,128.81,8,,,,81000.0,3,-,-,8,2016,2016-08-08,SALE
71,84.99,6,,,,70000.0,13,-,-,8,2016,2016-08-06,SALE
72,84.99,5,,,,68000.0,13,-,-,8,2016,2016-08-05,SALE
73,84.99,1,,,,60000.0,10,-,-,8,2016,2016-08-01,SALE
74,59.99,29,,,,56000.0,7,-,-,7,2016,2016-07-29,SALE
75,84.99,29,,,,65000.0,3,-,-,7,2016,2016-07-29,SALE
76,84.99,28,,,,65000.0,4,-,-,7,2016,2016-07-28,SALE
77,59.99,27,,,,51700.0,2,-,-,7,2016,2016-07-27,SALE
78,84.99,27,,,,66000.0,6,-,-,7,2016,2016-07-27,SALE
79,84.99,25,,,,67500.0,8,-,-,7,2016,2016-07-25,SALE
80,59.99,22,,,,51000.0,1,-,-,7,2016,2016-07-22,SALE
81,84.99,22,,,,65000.0,12,-,-,7,2016,2016-07-22,SALE
82,84.99,21,,,,67200.0,11,-,-,7,2016,2016-07-21,SALE
83,84.99,19,,,,62800.0,1,-,-,7,2016,2016-07-19,SALE
84,59.99,18,,,,55000.0,5,-,-,7,2016,2016-07-18,SALE
85,128.81,18,,,,81700.0,11,-,-,7,2016,2016-07-18,SALE
86,84.99,17,,,,69900.0,9,-,-,7,2016,2016-07-17,SALE
87,84.99,14,,,,67800.0,14,-,-,7,2016,2016-07-14,SALE
88,128.81,13,,,,84000.0,4,-,-,7,2016,2016-07-13,SALE
89,59.99,12,,,,55500.0,18,-,-,7,2016,2016-07-12,SALE
90,84.99,12,,,,67000.0,11,-,-,7,2016,2016-07-12,SALE
91,84.99,12,,,,68000.0,20,-,-,7,2016,2016-07-12,SALE
92,59.99,10,,,,52000.0,2,-,-,7,2016,2016-07-10,SALE
93,84.99,9,,,,66000.0,3,-,-,7,2016,2016-07-09,SALE
94,128.81,9,,,,89000.0,10,-,-,7,2016,2016-07-09,SALE
95,84.99,8,,,,62900.0,2,-,-,7,2016,2016-07-08,SALE
96,119.63,8,,,,84500.0,15,-,-,7,2016,2016-07-08,SALE
97,59.99,6,,,,57000.0,12,-,-,7,2016,2016-07-06,SALE
98,152.1,6,,,,98000.0,11,-,-,7,2016,2016-07-06,SALE
99,59.99,5,,,,54500.0,11,-,-,7,2016,2016-07-05,SALE
100,119.63,2,,,,87000.0,12,-,-,7,2016,2016-07-02,SALE
101,128.81,2,,,,87000.0,12,-,-,7,2016,2016-07-02,SALE
102,84.99,1,,,,66500.0,5,-,-,7,2016,2016-07-01,SALE
103,84.99,1,,,,67000.0,13,-,-,7,2016,2016-07-01,SALE
104,59.99,30,,,,54000.0,12,-,-,6,2016,2016-06-30,SALE
105,59.99,28,,,,53500.0,13,-,-,6,2016,2016-06-28,SALE
106,59.99,27,,,,54000.0,8,-,-,6,2016,2016-06-27,SALE
107,59.99,27,,,,54000.0,14,-,-,6,2016,2016-06-27,SALE
108,84.99,27,,,,67000.0,3,-,-,6,2016,2016-06-27,SALE
109,84.99,27,,,,68000.0,12,-,-,6,2016,2016-06-27,SALE
110,59.99,26,,,,56000.0,13,-,-,6,2016,2016-06-26,SALE
111,84.99,25,,,,65000.0,4,-,-,6,2016,2016-06-25,SALE
112,128.81,25,,,,88500.0,17,-,-,6,2016,2016-06-25,SALE
113,84.99,24,,,,65000.0,15,-,-,6,2016,2016-06-24,SALE
114,119.63,24,,,,80000.0,10,-,-,6,2016,2016-06-24,SALE
115,59.99,23,,,,55000.0,9,-,-,6,2016,2016-06-23,SALE
116,59.99,22,,,,49000.0,2,-,-,6,2016,2016-06-22,SALE
117,59.99,21,,,,53500.0,10,-,-,6,2016,2016-06-21,SALE
118,84.99,21,,,,65000.0,13,-,-,6,2016,2016-06-21,SALE
119,152.1,21,,,,99000.0,12,-,-,6,2016,2016-06-21,SALE
120,59.99,20,,,,52850.0,3,-,-,6,2016,2016-06-20,SALE
121,59.99,20,,,,55200.0,10,-,-,6,2016,2016-06-20,SALE
122,59.99,20,,,,55700.0,10,-,-,6,2016,2016-06-20,SALE
123,84.99,20,,,,65000.0,10,-,-,6,2016,2016-06-20,SALE
124,84.99,20,,,,62300.0,18,-,-,6,2016,2016-06-20,SALE
125,59.99,18,,,,49900.0,2,-,-,6,2016,2016-06-18,SALE
126,59.99,18,,,,53800.0,7,-,-,6,2016,2016-06-18,SALE
127,84.99,18,,,,62500.0,2,-,-,6,2016,2016-06-18,SALE
128,84.99,18,,,,70000.0,6,-,-,6,2016,2016-06-18,SALE
129,84.99,18,,,,69800.0,13,-,-,6,2016,2016-06-18,SALE
130,59.99,17,,,,52500.0,6,-,-,6,2016,2016-06-17,SALE
131,59.99,17,,,,53000.0,13,-,-,6,2016,2016-06-17,SALE
132,84.99,17,,,,67000.0,13,-,-,6,2016,2016-06-17,SALE
133,84.99,17,,,,67600.0,18,-,-,6,2016,2016-06-17,SALE
134,84.99,17,,,,72000.0,18,-,-,6,2016,2016-06-17,SALE
135,84.99,16,,,,68000.0,15,-,-,6,2016,2016-06-16,SALE
136,84.99,15,,,,66500.0,8,-,-,6,2016,2016-06-15,SALE
137,84.99,15,,,,63000.0,20,-,-,6,2016,2016-06-15,SALE
138,84.99,14,,,,67000.0,4,-,-,6,2016,2016-06-14,SALE
139,59.99,13,,,,55000.0,15,-,-,6,2016,2016-06-13,SALE
140,59.99,11,,,,54000.0,16,-,-,6,2016,2016-06-11,SALE
141,84.99,11,,,,65000.0,2,-,-,6,2016,2016-06-11,SALE
142,59.99,10,,,,51400.0,2,-,-,6,2016,2016-06-10,SALE
143,152.1,10,,,,95000.0,18,-,-,6,2016,2016-06-10,SALE
144,59.99,9,,,,51000.0,2,-,-,6,2016,2016-06-09,SALE
145,84.99,9,,,,66000.0,8,-,-,6,2016,2016-06-09,SALE
146,84.99,9,,,,67500.0,9,-,-,6,2016,2016-06-09,SALE
147,84.99,9,,,,68500.0,11,-,-,6,2016,2016-06-09,SALE
148,84.99,9,,,,68000.0,15,-,-,6,2016,2016-06-09,SALE
149,59.99,8,,,,51500.0,3,-,-,6,2016,2016-06-08,SALE
150,84.99,8,,,,65750.0,18,-,-,6,2016,2016-06-08,SALE
151,128.81,8,,,,85000.0,17,-,-,6,2016,2016-06-08,SALE
152,128.81,8,,,,86500.0,18,-,-,6,2016,2016-06-08,SALE
153,59.99,7,,,,52500.0,16,-,-,6,2016,2016-06-07,SALE
154,59.99,6,,,,53500.0,8,-,-,6,2016,2016-06-06,SALE
155,59.99,6,,,,53500.0,17,-,-,6,2016,2016-06-06,SALE
156,59.99,4,,,,48000.0,1,-,-,6,2016,2016-06-04,SALE
157,59.99,4,,,,47500.0,4,-,-,6,2016,2016-06-04,SALE
158,59.99,4,,,,53000.0,14,-,-,6,2016,2016-06-04,SALE
159,59.99,4,,,,55000.0,15,-,-,6,2016,2016-06-04,SALE
160,84.99,4,,,,60000.0,1,-,-,6,2016,2016-06-04,SALE
161,84.99,4,,,,63000.0,5,-,-,6,2016,2016-06-04,SALE
162,84.99,4,,,,66000.0,5,-,-,6,2016,2016-06-04,SALE
163,84.99,4,,,,64700.0,8,-,-,6,2016,2016-06-04,SALE
164,84.99,3,,,,61000.0,8,-,-,6,2016,2016-06-03,SALE
165,59.99,2,,,,53100.0,9,-,-,6,2016,2016-06-02,SALE
166,119.63,2,,,,84500.0,6,-,-,6,2016,2016-06-02,SALE
167,59.99,31,,,,52200.0,5,-,-,5,2016,2016-05-31,SALE
168,59.99,31,,,,53700.0,6,-,-,5,2016,2016-05-31,SALE
169,59.99,31,,,,56800.0,12,-,-,5,2016,2016-05-31,SALE
170,84.99,31,,,,64000.0,3,-,-,5,2016,2016-05-31,SALE
171,59.99,30,,,,53000.0,10,-,-,5,2016,2016-05-30,SALE
172,59.99,30,,,,51700.0,12,-,-,5,2016,2016-05-30,SALE
173,128.81,30,,,,85000.0,7,-,-,5,2016,2016-05-30,SALE
174,128.81,30,,,,89000.0,17,-,-,5,2016,2016-05-30,SALE
175,84.99,29,,,,66500.0,13,-,-,5,2016,2016-05-29,SALE
176,84.99,29,,,,66000.0,16,-,-,5,2016,2016-05-29,SALE
177,84.99,27,,,,62000.0,13,-,-,5,2016,2016-05-27,SALE
178,84.99,26,,,,68000.0,15,-,-,5,2016,2016-05-26,SALE
179,84.99,25,,,,66000.0,6,-,-,5,2016,2016-05-25,SALE
180,84.99,24,,,,62000.0,2,-,-,5,2016,2016-05-24,SALE
181,84.99,24,,,,65000.0,15,-,-,5,2016,2016-05-24,SALE
182,84.99,23,,,,66500.0,19,-,-,5,2016,2016-05-23,SALE
183,59.99,20,,,,51000.0,20,-,-,5,2016,2016-05-20,SALE
184,84.99,19,,,,65000.0,8,-,-,5,2016,2016-05-19,SALE
185,59.99,16,,,,48000.0,1,-,-,5,2016,2016-05-16,SALE
186,84.99,16,,,,67300.0,19,-,-,5,2016,2016-05-16,SALE
187,119.63,16,,,,82000.0,12,-,-,5,2016,2016-05-16,SALE
188,59.99,13,,,,55900.0,13,-,-,5,2016,2016-05-13,SALE
189,84.99,13,,,,66500.0,18,-,-,5,2016,2016-05-13,SALE
190,84.99,12,,,,62000.0,2,-,-,5,2016,2016-05-12,SALE
191,84.99,6,,,,65000.0,11,-,-,5,2016,2016-05-06,SALE
192,59.99,5,,,,51800.0,5,-,-,5,2016,2016-05-05,SALE
193,84.99,5,,,,60000.0,13,-,-,5,2016,2016-05-05,SALE
194,59.99,4,,,,53300.0,4,-,-,5,2016,2016-05-04,SALE
195,84.99,4,,,,67900.0,13,-,-,5,2016,2016-05-04,SALE
196,59.99,3,,,,52900.0,5,-,-,5,2016,2016-05-03,SALE
197,84.99,3,,,,65000.0,14,-,-,5,2016,2016-05-03,SALE
198,84.99,2,,,,64000.0,7,-,-,5,2016,2016-05-02,SALE
199,84.99,30,,,,67500.0,14,-,-,4,2016,2016-04-30,SALE
200,119.63,27,,,,84000.0,7,-,-,4,2016,2016-04-27,SALE
201,59.99,26,,,,50800.0,11,-,-,4,2016,2016-04-26,SALE
202,84.99,26,,,,61800.0,5,-,-,4,2016,2016-04-26,SALE
203,84.99,25,,,,66000.0,10,-,-,4,2016,2016-04-25,SALE
204,59.99,23,,,,48200.0,3,-,-,4,2016,2016-04-23,SALE
205,59.99,21,,,,51000.0,11,-,-,4,2016,2016-04-21,SALE
206,84.99,20,,,,60000.0,3,-,-,4,2016,2016-04-20,SALE
207,84.99,20,,,,66300.0,13,-,-,4,2016,2016-04-20,SALE
208,59.99,19,,,,50800.0,10,-,-,4,2016,2016-04-19,SALE
209,84.99,16,,,,65800.0,11,-,-,4,2016,2016-04-16,SALE
210,84.99,16,,,,65500.0,19,-,-,4,2016,2016-04-16,SALE
211,59.99,15,,,,50800.0,11,-,-,4,2016,2016-04-15,SALE
212,128.81,15,,,,80000.0,16,-,-,4,2016,2016-04-15,SALE
213,152.1,14,,,,95000.0,16,-,-,4,2016,2016-04-14,SALE
214,84.99,12,,,,65000.0,7,-,-,4,2016,2016-04-12,SALE
215,128.81,12,,,,83000.0,17,-,-,4,2016,2016-04-12,SALE
216,59.99,10,,,,53000.0,10,-,-,4,2016,2016-04-10,SALE
217,84.99,9,,,,62500.0,17,-,-,4,2016,2016-04-09,SALE
218,84.99,9,,,,64500.0,17,-,-,4,2016,2016-04-09,SALE
219,84.99,8,,,,65500.0,9,-,-,4,2016,2016-04-08,SALE
220,128.81,8,,,,83500.0,11,-,-,4,2016,2016-04-08,SALE
221,84.99,31,,,,57000.0,12,-,-,3,2016,2016-03-31,SALE
222,84.99,31,,,,64300.0,16,-,-,3,2016,2016-03-31,SALE
223,59.99,29,,,,50000.0,18,-,-,3,2016,2016-03-29,SALE
224,59.99,26,,,,54000.0,10,-,-,3,2016,2016-03-26,SALE
225,119.63,26,,,,84000.0,8,-,-,3,2016,2016-03-26,SALE
226,84.99,23,,,,64000.0,3,-,-,3,2016,2016-03-23,SALE
227,59.99,21,,,,50400.0,5,-,-,3,2016,2016-03-21,SALE
228,59.99,21,,,,56000.0,9,-,-,3,2016,2016-03-21,SALE
229,84.99,14,,,,63000.0,5,-,-,3,2016,2016-03-14,SALE
230,84.99,10,,,,65000.0,4,-,-,3,2016,2016-03-10,SALE
231,128.81,29,,,,84500.0,9,-,-,2,2016,2016-02-29,SALE
232,59.99,26,,,,50800.0,6,-,-,2,2016,2016-02-26,SALE
233,128.81,16,,,,71000.0,14,-,-,2,2016,2016-02-16,SALE
234,152.1,4,,,,88672.0,4,-,-,1,2016,2016-01-04,SALE
0,84.99,28,,,,129800.0,5,-,-,12,2020,2020-12-28,SALE
1,84.99,19,,,,129500.0,16,-,-,12,2020,2020-12-19,SALE
2,84.99,19,,,,131000.0,19,-,-,12,2020,2020-12-19,SALE
3,84.99,16,,,,129000.0,16,-,-,12,2020,2020-12-16,SALE
4,59.99,12,,,,109500.0,9,-,-,12,2020,2020-12-12,SALE
5,84.99,12,,,,127700.0,9,-,-,12,2020,2020-12-12,SALE
6,84.99,10,,,,125000.0,16,-,-,12,2020,2020-12-10,SALE
7,119.63,10,,,,145000.0,7,-,-,12,2020,2020-12-10,SALE
8,59.99,9,,,,96800.0,1,-,-,12,2020,2020-12-09,SALE
9,84.99,9,,,,128500.0,20,-,-,12,2020,2020-12-09,SALE
10,84.99,8,,,,124500.0,8,-,-,12,2020,2020-12-08,SALE
11,128.81,8,,,,149800.0,10,-,-,12,2020,2020-12-08,SALE
12,84.99,7,,,,125000.0,11,-,-,12,2020,2020-12-07,SALE
13,84.99,3,,,,114000.0,1,-,-,12,2020,2020-12-03,SALE
14,84.99,30,,,,114000.0,1,-,-,11,2020,2020-11-30,SALE
15,84.99,28,,,,123800.0,18,-,-,11,2020,2020-11-28,SALE
16,59.99,23,,,,105500.0,7,-,-,11,2020,2020-11-23,SALE
17,59.99,21,,,,107000.0,9,-,-,11,2020,2020-11-21,SALE
18,84.99,18,,,,130000.0,19,-,-,11,2020,2020-11-18,SALE
19,128.81,16,,,,154500.0,9,-,-,11,2020,2020-11-16,SALE
20,59.99,14,,,,107000.0,7,-,-,11,2020,2020-11-14,SALE
21,84.99,14,,,,125000.0,17,-,-,11,2020,2020-11-14,SALE
22,84.99,13,,,,109200.0,1,-,-,11,2020,2020-11-13,SALE
23,59.99,10,,,,103000.0,7,-,-,11,2020,2020-11-10,SALE
24,152.1,5,,,,142500.0,17,-,-,11,2020,2020-11-05,SALE
25,128.81,3,,,,144000.0,5,-,-,11,2020,2020-11-03,SALE
26,84.99,2,,,,128900.0,12,-,-,11,2020,2020-11-02,SALE
27,84.99,25,,,,121000.0,16,-,-,10,2020,2020-10-25,SALE
28,84.99,20,,,,125000.0,14,-,-,10,2020,2020-10-20,SALE
29,84.99,15,O,20.12.28,,129800.0,5,-,-,10,2020,2020-10-15,SALE
30,84.99,10,,,,127500.0,6,-,-,10,2020,2020-10-10,SALE
31,59.99,9,,,,105500.0,6,-,-,10,2020,2020-10-09,SALE
32,128.81,9,,,,153000.0,3,-,-,10,2020,2020-10-09,SALE
33,84.99,24,,,,125000.0,19,-,-,9,2020,2020-09-24,SALE
34,59.99,14,,,,97000.0,4,-,-,9,2020,2020-09-14,SALE
35,59.99,9,,,,100000.0,13,-,-,9,2020,2020-09-09,SALE
36,128.81,7,,,,155000.0,15,-,-,9,2020,2020-09-07,SALE
37,84.99,2,O,20.11.30,,114000.0,1,-,-,9,2020,2020-09-02,SALE
38,128.81,1,,,,149000.0,7,-,-,9,2020,2020-09-01,SALE
39,84.99,31,,,,122000.0,13,-,-,8,2020,2020-08-31,SALE
40,59.99,27,,,,94000.0,2,-,-,8,2020,2020-08-27,SALE
41,84.99,24,,,,120000.0,14,-,-,8,2020,2020-08-24,SALE
42,59.99,22,,,,97000.0,13,-,-,8,2020,2020-08-22,SALE
43,59.99,19,,,,91500.0,14,-,-,8,2020,2020-08-19,SALE
44,128.81,15,,,,138700.0,9,-,-,8,2020,2020-08-15,SALE
45,59.99,14,,,,95000.0,5,-,-,8,2020,2020-08-14,SALE
46,84.99,3,,,,120000.0,6,-,-,8,2020,2020-08-03,SALE
47,128.81,1,,,,131000.0,12,-,-,8,2020,2020-08-01,SALE
48,59.99,29,,,,86500.0,1,-,-,7,2020,2020-07-29,SALE
49,84.99,28,,,,120000.0,13,-,-,7,2020,2020-07-28,SALE
50,128.81,28,,,,130500.0,2,-,-,7,2020,2020-07-28,SALE
51,84.99,27,,,,120000.0,12,-,-,7,2020,2020-07-27,SALE
52,59.99,25,,,,93000.0,15,-,-,7,2020,2020-07-25,SALE
53,128.81,24,,,,150000.0,10,-,-,7,2020,2020-07-24,SALE
54,59.99,18,,,,90000.0,3,-,-,7,2020,2020-07-18,SALE
55,128.81,18,,,,135000.0,17,-,-,7,2020,2020-07-18,SALE
56,152.1,17,,,,149500.0,19,-,-,7,2020,2020-07-17,SALE
57,84.99,14,,,,114000.0,15,-,-,7,2020,2020-07-14,SALE
58,59.99,13,,,,89900.0,7,-,-,7,2020,2020-07-13,SALE
59,84.99,11,,,,118000.0,4,-,-,7,2020,2020-07-11,SALE
60,152.1,10,,,,147500.0,8,-,-,7,2020,2020-07-10,SALE
61,59.99,9,,,,88000.0,2,-,-,7,2020,2020-07-09,SALE
62,128.81,9,,,,128500.0,15,-,-,7,2020,2020-07-09,SALE
63,128.81,7,,,,136000.0,8,-,-,7,2020,2020-07-07,SALE
64,84.99,6,,,,115800.0,12,-,-,7,2020,2020-07-06,SALE
65,59.99,4,,,,89000.0,2,-,-,7,2020,2020-07-04,SALE
66,84.99,4,,,,108000.0,10,-,-,7,2020,2020-07-04,SALE
67,59.99,2,,,,89900.0,6,-,-,7,2020,2020-07-02,SALE
68,84.99,2,,,,112000.0,6,-,-,7,2020,2020-07-02,SALE
69,84.99,2,,,,113000.0,10,-,-,7,2020,2020-07-02,SALE
70,84.99,2,,,,110000.0,16,-,-,7,2020,2020-07-02,SALE
71,59.99,1,,,,65000.0,19,-,-,7,2020,2020-07-01,SALE
72,84.99,1,,,,105000.0,2,-,-,7,2020,2020-07-01,SALE
73,84.99,30,,,,115000.0,11,-,-,6,2020,2020-06-30,SALE
74,59.99,29,,,,86500.0,2,-,-,6,2020,2020-06-29,SALE
75,59.99,29,,,,89000.0,2,-,-,6,2020,2020-06-29,SALE
76,59.99,29,,,,87000.0,3,-,-,6,2020,2020-06-29,SALE
77,128.81,29,,,,129000.0,2,-,-,6,2020,2020-06-29,SALE
78,128.81,29,,,,130000.0,3,-,-,6,2020,2020-06-29,SALE
79,128.81,29,,,,127000.0,7,-,-,6,2020,2020-06-29,SALE
80,84.99,28,O,20.07.25,,108000.0,4,-,-,6,2020,2020-06-28,SALE
81,84.99,28,,,,108000.0,4,-,-,6,2020,2020-06-28,SALE
82,59.99,27,,,,91500.0,10,-,-,6,2020,2020-06-27,SALE
83,84.99,27,,,,112000.0,4,-,-,6,2020,2020-06-27,SALE
84,84.99,27,,,,110000.0,5,-,-,6,2020,2020-06-27,SALE
85,84.99,27,,,,112000.0,5,-,-,6,2020,2020-06-27,SALE
86,84.99,27,,,,111000.0,8,-,-,6,2020,2020-06-27,SALE
87,84.99,27,,,,111900.0,11,-,-,6,2020,2020-06-27,SALE
88,128.81,27,,,,130000.0,7,-,-,6,2020,2020-06-27,SALE
89,128.81,27,,,,131000.0,8,-,-,6,2020,2020-06-27,SALE
90,128.81,27,,,,130000.0,12,-,-,6,2020,2020-06-27,SALE
91,59.99,23,,,,85500.0,1,-,-,6,2020,2020-06-23,SALE
92,84.99,23,,,,100000.0,3,-,-,6,2020,2020-06-23,SALE
93,128.81,23,,,,135000.0,13,-,-,6,2020,2020-06-23,SALE
94,59.99,22,,,,89700.0,10,-,-,6,2020,2020-06-22,SALE
95,84.99,22,,,,109500.0,3,-,-,6,2020,2020-06-22,SALE
96,84.99,22,,,,112000.0,6,-,-,6,2020,2020-06-22,SALE
97,59.99,20,,,,89870.0,4,-,-,6,2020,2020-06-20,SALE
98,84.99,20,,,,110000.0,12,-,-,6,2020,2020-06-20,SALE
99,84.99,17,,,,109900.0,10,-,-,6,2020,2020-06-17,SALE
100,128.81,17,,,,127500.0,19,-,-,6,2020,2020-06-17,SALE
101,59.99,16,,,,88500.0,6,-,-,6,2020,2020-06-16,SALE
102,59.99,16,,,,90000.0,7,-,-,6,2020,2020-06-16,SALE
103,59.99,16,,,,89500.0,8,-,-,6,2020,2020-06-16,SALE
104,59.99,15,,,,88000.0,6,-,-,6,2020,2020-06-15,SALE
105,59.99,13,,,,89600.0,7,-,-,6,2020,2020-06-13,SALE
106,84.99,13,,,,110000.0,11,-,-,6,2020,2020-06-13,SALE
107,128.81,13,O,20.08.25,,127000.0,12,-,-,6,2020,2020-06-13,SALE
108,128.81,13,,,,127000.0,12,-,-,6,2020,2020-06-13,SALE
109,59.99,12,,,,89800.0,8,-,-,6,2020,2020-06-12,SALE
110,59.99,12,,,,92000.0,15,-,-,6,2020,2020-06-12,SALE
111,84.99,12,,,,109500.0,10,-,-,6,2020,2020-06-12,SALE
112,59.99,11,,,,89500.0,3,-,-,6,2020,2020-06-11,SALE
113,59.99,11,,,,89800.0,6,-,-,6,2020,2020-06-11,SALE
114,59.99,10,,,,87500.0,13,-,-,6,2020,2020-06-10,SALE
115,59.99,30,,,,86500.0,6,-,-,5,2020,2020-05-30,SALE
116,84.99,26,,,,110000.0,13,-,-,5,2020,2020-05-26,SALE
117,59.99,24,,,,86800.0,6,-,-,5,2020,2020-05-24,SALE
118,84.99,23,,,,110000.0,5,-,-,5,2020,2020-05-23,SALE
119,128.81,23,,,,126000.0,13,-,-,5,2020,2020-05-23,SALE
120,84.99,20,,,,106000.0,13,-,-,5,2020,2020-05-20,SALE
121,84.99,16,,,,108500.0,8,-,-,5,2020,2020-05-16,SALE
122,59.99,14,,,,83500.0,4,-,-,5,2020,2020-05-14,SALE
123,128.81,8,,,,125000.0,10,-,-,5,2020,2020-05-08,SALE
124,128.81,30,,,,129500.0,8,-,-,4,2020,2020-04-30,SALE
125,128.81,25,,,,120000.0,5,-,-,4,2020,2020-04-25,SALE
126,59.99,21,,,,85000.0,16,-,-,4,2020,2020-04-21,SALE
127,128.81,20,,,,128000.0,4,-,-,4,2020,2020-04-20,SALE
128,59.99,20,,,,90000.0,10,-,-,3,2020,2020-03-20,SALE
129,128.81,20,,,,121500.0,9,-,-,3,2020,2020-03-20,SALE
130,84.99,18,,,,112000.0,17,-,-,3,2020,2020-03-18,SALE
131,59.99,14,,,,87300.0,17,-,-,3,2020,2020-03-14,SALE
132,128.81,10,,,,127000.0,12,-,-,3,2020,2020-03-10,SALE
133,84.99,29,,,,103000.0,16,-,-,2,2020,2020-02-29,SALE
134,84.99,24,,,,103500.0,4,-,-,2,2020,2020-02-24,SALE
135,128.81,24,,,,125000.0,14,-,-,2,2020,2020-02-24,SALE
136,59.99,19,,,,89900.0,7,-,-,2,2020,2020-02-19,SALE
137,59.99,19,,,,89950.0,9,-,-,2,2020,2020-02-19,SALE
138,84.99,19,,,,110000.0,19,-,-,2,2020,2020-02-19,SALE
139,84.99,14,,,,109500.0,19,-,-,2,2020,2020-02-14,SALE
140,59.99,12,,,,80800.0,2,-,-,2,2020,2020-02-12,SALE
141,59.99,12,,,,90000.0,13,-,-,2,2020,2020-02-12,SALE
142,84.99,12,,,,103000.0,7,-,-,2,2020,2020-02-12,SALE
143,59.99,8,,,,88000.0,8,-,-,2,2020,2020-02-08,SALE
144,84.99,8,,,,108000.0,15,-,-,2,2020,2020-02-08,SALE
145,84.99,8,,,,110000.0,15,-,-,2,2020,2020-02-08,SALE
146,84.99,7,,,,105000.0,18,-,-,2,2020,2020-02-07,SALE
147,84.99,1,,,,104000.0,7,-,-,2,2020,2020-02-01,SALE
148,59.99,30,,,,90500.0,10,-,-,1,2020,2020-01-30,SALE
149,128.81,29,,,,130000.0,18,-,-,1,2020,2020-01-29,SALE
150,59.99,20,,,,86700.0,13,-,-,1,2020,2020-01-20,SALE
151,128.81,17,,,,125000.0,8,-,-,1,2020,2020-01-17,SALE
152,59.99,11,,,,84000.0,6,-,-,1,2020,2020-01-11,SALE
153,59.99,11,,,,84000.0,19,-,-,1,2020,2020-01-11,SALE
154,152.1,9,,,,132000.0,4,-,-,1,2020,2020-01-09,SALE
155,84.99,3,,,,102000.0,2,-,-,1,2020,2020-01-03,SALE
156,84.99,2,,,,105000.0,14,-,-,1,2020,2020-01-02,SALE
0,128.81,26,,,,145000.0,11,중개거래,서울 강서구,12,2022,2022-12-26,SALE
1,128.81,22,,,,136500.0,19,중개거래,서울 강서구,12,2022,2022-12-22,SALE
2,84.99,10,,,,116000.0,9,중개거래,서울 강서구,12,2022,2022-12-10,SALE
3,84.99,1,,,,118000.0,17,중개거래,서울 강서구,11,2022,2022-11-01,SALE
4,59.99,23,,,,82000.0,5,중개거래,서울 강서구,10,2022,2022-10-23,SALE
5,59.99,8,,,,100000.0,4,직거래,-,8,2022,2022-08-08,SALE
6,128.81,12,,,,163000.0,12,중개거래,"서울 강서구
서울 양천구",7,2022,2022-07-12,SALE
7,84.99,2,,,,140000.0,5,중개거래,서울 강서구,6,2022,2022-06-02,SALE
8,128.81,27,,,,132000.0,17,직거래,-,5,2022,2022-05-27,SALE
9,84.99,10,,,,142500.0,11,중개거래,서울 강서구,5,2022,2022-05-10,SALE
10,84.99,31,,,,133000.0,13,중개거래,서울 강서구,3,2022,2022-03-31,SALE
11,59.99,30,,,,115400.0,6,중개거래,서울 강서구,3,2022,2022-03-30,SALE
12,152.1,16,,,,175000.0,12,중개거래,서울 강서구,3,2022,2022-03-16,SALE
13,84.99,16,,,,134500.0,7,중개거래,서울 강서구,1,2022,2022-01-16,SALE
14,59.99,14,,,,110000.0,17,중개거래,서울 강서구,1,2022,2022-01-14,SALE
0,84.99,8,,,,132000.0,19,중개거래,서울 강서구,10,2023,2023-10-08,SALE
1,128.81,27,,,,145000.0,2,중개거래,서울 강서구,9,2023,2023-09-27,SALE
2,84.99,25,,,,125000.0,13,중개거래,서울 강서구,9,2023,2023-09-25,SALE
3,128.81,23,,,,147500.0,18,중개거래,서울 강서구,9,2023,2023-09-23,SALE
4,128.81,14,,,23.10.12,132000.0,2,중개거래,서울 강서구,9,2023,2023-09-14,SALE
5,84.99,13,,,,123000.0,8,중개거래,서울 강서구,9,2023,2023-09-13,SALE
6,128.81,12,,,,140000.0,5,중개거래,서울 강서구,9,2023,2023-09-12,SALE
7,59.99,8,,,,100000.0,9,중개거래,서울 강서구,9,2023,2023-09-08,SALE
8,128.81,8,,,,150000.0,13,중개거래,서울 강서구,9,2023,2023-09-08,SALE
9,128.81,5,,,,140000.0,2,중개거래,서울 강서구,9,2023,2023-09-05,SALE
10,128.81,27,,,,148000.0,18,중개거래,서울 강서구,8,2023,2023-08-27,SALE
11,84.99,22,,,,119800.0,6,중개거래,서울 강서구,8,2023,2023-08-22,SALE
12,84.99,17,,,,115500.0,20,중개거래,서울 강서구,8,2023,2023-08-17,SALE
13,128.81,16,,,23.10.31,133500.0,1,중개거래,서울 강서구,8,2023,2023-08-16,SALE
14,59.99,15,,,,95000.0,7,중개거래,서울 강서구,8,2023,2023-08-15,SALE
15,59.99,14,,,23.10.16,99500.0,11,중개거래,"서울 강서구
서울 마포구",8,2023,2023-08-14,SALE
16,84.99,12,,,,120500.0,3,중개거래,서울 강서구,8,2023,2023-08-12,SALE
17,128.81,8,,,23.10.04,140000.0,11,중개거래,서울 강서구,8,2023,2023-08-08,SALE
18,128.81,8,O,23.10.06,,150000.0,13,중개거래,서울 강서구,8,2023,2023-08-08,SALE
19,84.99,31,,,,124700.0,11,중개거래,서울 강서구,7,2023,2023-07-31,SALE
20,128.81,31,,,,140000.0,3,중개거래,서울 강서구,7,2023,2023-07-31,SALE
21,59.99,19,,,23.10.30,95000.0,8,중개거래,서울 강서구,7,2023,2023-07-19,SALE
22,84.99,19,,,23.10.30,121000.0,8,중개거래,서울 강서구,7,2023,2023-07-19,SALE
23,59.99,3,,,23.09.22,96000.0,13,중개거래,서울 강서구,7,2023,2023-07-03,SALE
24,84.99,3,,,23.09.22,119500.0,7,중개거래,서울 강서구,7,2023,2023-07-03,SALE
25,84.99,28,,,,120000.0,20,중개거래,서울 강서구,6,2023,2023-06-28,SALE
26,84.99,26,,,23.10.19,120000.0,3,중개거래,서울 강서구,6,2023,2023-06-26,SALE
27,84.99,24,,,,122300.0,5,중개거래,서울 강서구,6,2023,2023-06-24,SALE
28,128.81,24,,,,153000.0,13,중개거래,서울 강서구,6,2023,2023-06-24,SALE
29,84.99,22,,,23.10.20,114000.0,15,중개거래,서울 강서구,6,2023,2023-06-22,SALE
30,84.99,20,,,23.09.06,125000.0,6,중개거래,서울 강서구,6,2023,2023-06-20,SALE
31,84.99,19,,,23.10.06,120000.0,4,중개거래,서울 강서구,6,2023,2023-06-19,SALE
32,59.99,15,,,23.08.28,90500.0,4,중개거래,"서울 강남구
서울 강서구",6,2023,2023-06-15,SALE
33,59.99,15,,,23.09.04,93000.0,4,중개거래,서울 강서구,6,2023,2023-06-15,SALE
34,59.99,15,,,23.07.31,94000.0,18,중개거래,서울 강서구,6,2023,2023-06-15,SALE
35,59.99,14,,,23.08.21,97000.0,10,중개거래,"경기 안양만안구
서울 강서구",6,2023,2023-06-14,SALE
36,152.1,13,,,23.09.18,175000.0,11,중개거래,서울 강서구,6,2023,2023-06-13,SALE
37,152.1,12,,,,165000.0,2,중개거래,서울 강서구,6,2023,2023-06-12,SALE
38,59.99,10,,,23.09.20,92000.0,20,중개거래,서울 강서구,6,2023,2023-06-10,SALE
39,59.99,6,,,23.09.15,93500.0,4,중개거래,서울 강서구,6,2023,2023-06-06,SALE
40,59.99,6,,,23.10.11,93000.0,11,중개거래,서울 강서구,6,2023,2023-06-06,SALE
41,84.99,6,,,23.07.31,114500.0,13,중개거래,서울 강서구,6,2023,2023-06-06,SALE
42,128.81,6,,,23.09.04,145000.0,17,중개거래,서울 강서구,6,2023,2023-06-06,SALE
43,152.1,6,,,23.06.23,170000.0,9,중개거래,서울 강서구,6,2023,2023-06-06,SALE
44,59.99,5,,,23.07.17,89000.0,9,중개거래,서울 강서구,6,2023,2023-06-05,SALE
45,59.99,31,,,23.08.04,91500.0,15,중개거래,서울 강서구,5,2023,2023-05-31,SALE
46,84.99,30,,,23.10.04,115000.0,18,중개거래,서울 강서구,5,2023,2023-05-30,SALE
47,84.99,29,,,23.08.23,122000.0,14,중개거래,서울 강서구,5,2023,2023-05-29,SALE
48,128.81,27,,,23.08.24,139000.0,3,중개거래,서울 강서구,5,2023,2023-05-27,SALE
49,84.99,26,,,23.09.11,125000.0,17,중개거래,"서울 강서구
서울 양천구",5,2023,2023-05-26,SALE
50,59.99,25,,,23.10.31,92000.0,16,중개거래,서울 강서구,5,2023,2023-05-25,SALE
51,84.99,25,,,23.10.31,121500.0,18,중개거래,서울 강서구,5,2023,2023-05-25,SALE
52,84.99,25,,,23.08.25,115000.0,19,중개거래,서울 강서구,5,2023,2023-05-25,SALE
53,59.99,24,,,23.08.23,91000.0,5,중개거래,서울 강서구,5,2023,2023-05-24,SALE
54,84.99,13,,,23.07.26,119000.0,5,중개거래,서울 강서구,5,2023,2023-05-13,SALE
55,84.99,27,,,23.08.14,115000.0,14,중개거래,서울 강서구,4,2023,2023-04-27,SALE
56,84.99,24,,,23.04.28,119000.0,11,중개거래,서울 강서구,4,2023,2023-04-24,SALE
57,84.99,20,,,23.08.16,119000.0,18,중개거래,서울 강서구,4,2023,2023-04-20,SALE
58,84.99,8,,,23.09.26,117000.0,17,중개거래,서울 강서구,4,2023,2023-04-08,SALE
59,128.81,26,,,23.07.26,135000.0,12,중개거래,"서울 강북구
서울 강서구",3,2023,2023-03-26,SALE
60,152.1,22,,,23.06.09,178000.0,11,중개거래,서울 강서구,3,2023,2023-03-22,SALE
61,59.99,17,,,23.06.05,93500.0,13,중개거래,서울 강서구,3,2023,2023-03-17,SALE
62,84.99,17,,,23.05.31,117500.0,7,중개거래,서울 강서구,3,2023,2023-03-17,SALE
63,59.99,14,,,23.07.14,90000.0,5,중개거래,서울 강서구,3,2023,2023-03-14,SALE
64,84.99,14,,,23.07.14,110000.0,12,중개거래,서울 강서구,3,2023,2023-03-14,SALE
65,119.63,14,,,23.08.18,140500.0,7,중개거래,서울 강서구,3,2023,2023-03-14,SALE
66,128.81,13,,,23.07.31,129000.0,5,중개거래,서울 강서구,3,2023,2023-03-13,SALE
67,59.99,12,,,23.05.22,88000.0,8,중개거래,"서울 강서구
서울 양천구",3,2023,2023-03-12,SALE
68,59.99,10,,,23.06.16,93000.0,16,중개거래,서울 강서구,3,2023,2023-03-10,SALE
69,152.1,10,O,23.06.05,,140000.0,9,직거래,-,3,2023,2023-03-10,SALE
70,128.81,27,,,23.05.23,142000.0,11,중개거래,서울 강서구,2,2023,2023-02-27,SALE
71,59.99,22,,,23.05.11,92500.0,13,중개거래,서울 강서구,2,2023,2023-02-22,SALE
72,84.99,15,,,23.06.15,118800.0,14,중개거래,서울 강서구,2,2023,2023-02-15,SALE
73,84.99,13,O,23.04.24,,119000.0,11,중개거래,서울 강서구,2,2023,2023-02-13,SALE
74,59.99,7,,,23.06.07,90000.0,10,중개거래,"서울 강서구
인천 서구",2,2023,2023-02-07,SALE
75,59.99,28,,,23.04.28,89000.0,11,중개거래,서울 강서구,1,2023,2023-01-28,SALE
76,59.99,28,,,23.04.28,91000.0,14,중개거래,서울 강서구,1,2023,2023-01-28,SALE
77,152.1,10,,,23.02.24,148500.0,6,중개거래,서울 강서구,1,2023,2023-01-10,SALE
78,128.81,7,,,23.03.31,150000.0,20,중개거래,서울 강서구,1,2023,2023-01-07,SALE
